{
    "左眼下":{"x":-0.4666666666666678,"y":7.9166666666666705,"z":2},
    "左眼上":{"x":-0.4666666666666678,"y":8.32980823348862,"z":2},
    "左眼左":{"x":-0.7666666666666668,"y":8.163141948539893,"z":2},
    "左眼右":{"x":-0.2666666666666658,"y":8.163141948539893,"z":2},
    "右眼下":{"x":0.9333333333333356,"y":7.9166666666666705,"z":2},
    "右眼上":{"x":0.9333333333333356,"y":8.32980823348862,"z":2},
    "右眼左":{"x":0.7666666666666668,"y":8.163141948539893,"z":2},
    "右眼右":{"x":0.2666666666666658,"y":8.163141948539893,"z":2}
}
